posted_on,title,description,location,area,price,bedrooms,bathrooms,house_link,amenities,agencyName,agencyNumber,agentLink
Created At: 24 November 2025,5 Bed Villa with En Suite in Loresho,"Located in a diplomatic zone of Loresho In a well secured gated community and one of the most sought after and secure areas 5 bedrooms plus dsq  villa for rent with following featuresGround floor* A massive kitchen fully fitted with Oven, cooker, microwave, * ⁠A voluminous Living Room with fireplace which opens to a patio extending to a large garden* ⁠Dining area which also opens to the the well manicured garden* ⁠Guest bathroom * ⁠Two guest bedrooms which are both ensuite * ⁠First floor with a family room opening to a balcony which overlooks the garden and the swimming pool * ⁠4 bedrooms are on this level Master bedroom with a walk in closet, jacuzzi, his and hers sink, shower cubicle * ⁠Higher floor has entertainment area that opens to a large rooftop terrace* Garden is well manicured and all flat *Private swimming pool*Open Rooftop terrace * ⁠Ample parking-unit is ready for occupationRent USD 4500","Loresho, Westlands",nan,"KSh 580,000/ month",5 Bedrooms,5 Bathrooms,https://www.buyrentkenya.com/listings/furnished-5-bedroom-villa-for-rent-loresho-3874830,"[['Backup Generator', 'Furnished', 'Service Charge Included', 'En Suite'], ['Staff Quarters', 'Gated Community', 'Garden', 'Swimming Pool', 'Gym', 'Parking', 'Balcony', 'Electric Fence']]",Charles Katiwa,+254 720 124229,https://www.buyrentkenya.com/estate-agent/bright-homes-management
Created At: 22 November 2025,4 Bed House with En Suite in Kiambu Road,"Modern, spacious townhouses each sitting on 1/8 acre, offering premium comfort and contemporary living.Key Features4 all en-suite bedrooms; master with walk-in wardrobes & private balconySpacious lounge, dining area opening to patio & gardenFamily/TV roomImported fitted open-plan kitchen (provision for oven, microwave, hood & 4-burner)Pantry, utility yard & DSQHome office/gym in attic (Type B)High-quality finishes: bamboo/laminate flooring, European tiles, frameless shower cubiclesGypsum ceilings with LED lightingSolar water heating, video door phone, intercom & alarm provisionFibre, DSTV & internet-ready3 parking spacesAmenitiesFully equipped gym, spa with sauna, steam, jacuzzi & yoga studioIndoor entertainment area with outdoor BBQTwo swimming pools (kids + lap pool)Landscaped green spaces & jogging trackChildren’s play areaBorehole, standby generator & inverter systemCCTV in common areasConvenience shops on-siteSewage treatment plant & recycled water for landscapingSecure perimeter wall with electric fenceIdeal for families seeking comfort, space, and modern community living.",Kiambu Road,nan,"KSh 454,000/ month",4 Bedrooms,4 Bathrooms,https://www.buyrentkenya.com/listings/4-bedroom-house-for-rent-kiambu-road-3874460,"[['Backup Generator', 'En Suite', 'Fibre Internet', 'Walk In Closet', 'Service Charge Included'], ['Balcony', 'BBQ', 'CCTV', 'Electric Fence', 'Garden', 'Gated Community', 'Wheelchair Access', 'Swimming Pool', 'Staff Quarters', 'Parking', 'Gym', 'Kids Play Area'], ['Bus Stop', 'Golf Course', 'Hospital', 'Scenic View', 'School', 'Shopping Centre']]",Martin MuliLead Agent,+254 738 333559,https://www.buyrentkenya.com/estate-agent/zeeva-property-solutions-ltd
Created At: 16 November 2025,4 Bed House with En Suite at Loresho,"Beautifully Renovated 4-Bedroom Bungalow with Guest Wing & DSQ for Rent – LoreshoRent: USD 3,800/monthLocation: LoreshoExperience refined suburban living in this beautifully renovated 4-bedroom bungalow set on half an acre in a secure, gated community. The home offers a blend of modern comfort and classic charm, surrounded by lush greenery and serene views.Features:• 4 spacious bedrooms, 2 ensuite• Detached DSQ and 1-room guest wing• Spacious living room with separate dining area• High ceilings and plenty of natural light• Large private garden and patio opening to the outdoors• Attic room ideal for a study or relaxation space• Renovated bathrooms with modern finishes• Solar power system• Set on ½ acre within a gated community• Unobstructed views of mature greenery• Secure and peaceful neighborhood• Close proximity to schools, shopping centers, hospital, golf course, and public transportEnjoy comfort, space, and tranquility — ideal for families seeking modern living in Loresho.","Loresho, Westlands",nan,"KSh 480,000/ month",4 Bedrooms,4 Bathrooms,https://www.buyrentkenya.com/listings/4-bedroom-house-for-rent-loresho-3872178,"[['Aircon', 'Alarm', 'Backup Generator', 'En Suite', 'Fibre Internet', 'Service Charge Included', 'Walk In Closet'], ['Balcony', 'BBQ', 'CCTV', 'Electric Fence', 'Borehole', 'Garden', 'Parking', 'Staff Quarters', 'Wheelchair Access', 'Gated Community', 'Kids Play Area'], ['Bus Stop', 'Golf Course', 'Hospital', 'Scenic View', 'School', 'Shopping Centre']]",Robert Kisekwa,+254 724 988735,https://www.buyrentkenya.com/estate-agent/origin-homes
Created At: 27 November 2025,4 Bed Townhouse with En Suite in Lavington,"🏡 Lavington – Modern 4 Bedroom Townhouse with Gym & Swimming PoolExperience elegant living in this modern 4-bedroom townhouse located in a quiet and serene gated community in Lavington, close to malls and key social amenities.✨ Features Include:Fully fitted modern kitchen with cooker, oven, fridge, washing machine, dryer & dishwasherSpacious, well-lit interiorsPrivate garden at the backLocated in a shared, secure communityAccess to Gym & Swimming PoolAmple parkingPeaceful, family-friendly environment💰 Rent: KES 380,000 per month",Lavington,nan,"KSh 380,000/ month",4 Bedrooms,4 Bathrooms,https://www.buyrentkenya.com/listings/4-bedroom-townhouse-for-rent-lavington-3875629,"[['En Suite'], ['Garden', 'Gym', 'Borehole', 'Electric Fence', 'Parking', 'Swimming Pool', 'Gated Community'], ['Shopping Centre']]",Sara,+254 797 832888,https://www.buyrentkenya.com/estate-agent/potaria-properties
Created At: 27 November 2025,4 Bed Townhouse with En Suite in Riverside,"🏡 TO LET: 4-BEDROOM CHARMING MAISONETTE, RIVERSIDE DRIVE 🌿Located along the peaceful Riverside Drive, this cozy 4-bedroom townhouse is nestled in a serene compound with lush greenery. 🌳 Perfect place to call home!FEATURES:✨ Sunken lounge | 🍽️ Separate dining area💡 Well-lit rooms | 💼 Home office🛏️ 1 bedroom downstairs | 3 upstairs🌲 Wooden flooring | 🌺 Private garden🏖️ Amazing grounds | 👶 Kids' play area🔌 Backup generator | 🏊 Swimming pool🚫 No pets allowed | 🚗 Ample parking🔐 24-hour security💰 Asking Price: Ksh 220,000📩 DM for more info or to schedule a viewing!","Riverside, Westlands",nan,"KSh 220,000/ month",4 Bedrooms,3 Bathrooms,https://www.buyrentkenya.com/listings/4-bedroom-townhouse-for-rent-riverside-3875628,"[['Alarm', 'Backup Generator', 'En Suite', 'Fibre Internet', 'Service Charge Included'], ['Parking', 'CCTV', 'Electric Fence', 'Garden', 'Swimming Pool'], ['Bus Stop', 'Shopping Centre', 'Golf Course', 'Hospital', 'Scenic View', 'School']]",Brian June,+254 786 874486,https://www.buyrentkenya.com/estate-agent/easystay-properties
Created At: 27 November 2025,5 Bed Villa with En Suite in Syokimau,"Experience premium living in this 5-bedroom all–en-suite luxury villa located in the highly sought-after Syokimau area. This spacious, modern home is ideal for families seeking comfort, privacy, and top-tier amenities within a secure gated community.Property FeaturesAll 5 bedrooms are en-suiteSpacious lounge and separate dining areaModern high-quality finishes throughoutFamily room for additional living spaceWalk-in closet in the master bedroomWell-manicured private gardenShaded parking for 2 cars + ample guest parkingDSQLarge windows allowing excellent natural lightingCommunity AmenitiesSecure gated community environmentClubhouse for residentsSwimming poolChildren’s play area24/7 security and controlled accessThis luxury villa offers a perfect blend of comfort, style, and convenience—ideal for long-term family living in Syokimau.Book a ViewingCharles Kairu – UrbanGreen Real Estate📞 Call/WhatsApp:+254 ****phone_0View Number📧sales****email_0Send email🌐 www.urbangreenrealestate.co.ke",Syokimau,350 m²,"KSh 160,000/ month",5 Bedrooms,6 Bathrooms,https://www.buyrentkenya.com/listings/5-bedroom-villa-for-rent-syokimau-3875624,"[['Alarm', 'Backup Generator', 'En Suite', 'Fibre Internet', 'Walk In Closet', 'Service Charge Included'], ['Kids Play Area', 'Balcony', 'BBQ', 'Parking', 'Staff Quarters', 'CCTV', 'Electric Fence', 'Swimming Pool', 'Wheelchair Access', 'Borehole', 'Garden', 'Gated Community'], ['Shopping Centre', 'Bus Stop', 'Golf Course', 'Hospital', 'Scenic View', 'School']]",Charles Kairu,+254 759 822955,https://www.buyrentkenya.com/estate-agent/urban-green-realty-company
Created At: 27 November 2025,5 Bed Townhouse with Staff Quarters in Lavington,- 4 Bedroom: 3 Bedrooms of first floor and One bedroom on Ground floor; All bedrooms are ensuite- Common Cloak room on Ground floor- Wood Parquet flooring Lounge & Dinning- Spacious Sunken Lounge- Fire Place- Wood Parquet of Flooring Spacious Kitchen with granite top that opens to the Dinning- Pantry- Dsq for Two- Laundry Area and drying Yard- Boundary wall with electric fence- Inverter system- key card access- Solar energy system,Lavington,nan,"KSh 300,000/ month",5 Bedrooms,5 Bathrooms,https://www.buyrentkenya.com/listings/5-bedroom-townhouse-for-rent-lavington-3875610,"[['Alarm', 'Service Charge Included'], ['Balcony', 'CCTV', 'Electric Fence', 'Borehole', 'Garden', 'Parking', 'Staff Quarters', 'Gated Community', 'Kids Play Area'], ['Hospital', 'Scenic View', 'School', 'Shopping Centre']]",Peter Maluki,+254 716 776744,https://www.buyrentkenya.com/estate-agent/canaan-properties
Created At: 27 November 2025,4 Bed Townhouse with En Suite in Lavington,"🏡 Lavington – Modern 4 Bedroom Townhouse with Gym & Swimming PoolExperience elegant living in this modern 4-bedroom townhouse located in a quiet and serene gated community in Lavington, close to malls and key social amenities.✨ Features Include:Fully fitted modern kitchen with cooker, oven, fridge, washing machine, dryer & dishwasherSpacious, well-lit interiorsPrivate garden at the backLocated in a shared, secure communityAccess to Gym & Swimming PoolAmple parkingPeaceful, family-friendly environment💰 Rent: KES 380,000 per month📱 For viewing & enquiries:+254 ****phone_0View Number|+254 ****phone_1View Number",Lavington,nan,"KSh 380,000/ month",4 Bedrooms,4 Bathrooms,https://www.buyrentkenya.com/listings/4-bedroom-townhouse-for-rent-lavington-3875597,"[['Alarm', 'Service Charge Included', 'Backup Generator', 'En Suite', 'Fibre Internet'], ['Balcony', 'Parking', 'Gym', 'Staff Quarters', 'CCTV', 'Electric Fence', 'Borehole', 'Swimming Pool', 'Garden', 'Gated Community'], ['Bus Stop', 'Shopping Centre', 'Golf Course', 'Hospital', 'Scenic View', 'School']]",Brian June,+254 786 874486,https://www.buyrentkenya.com/estate-agent/easystay-properties
Created At: 27 November 2025,5 Bed Townhouse with En Suite at Mbaazi Road,"An exclusively ultra modern spacious 5bedrooms 2 en-suite townhouse available for rent in the leafy secure suburb of Lavington close to Valley Arcade shopping centre, Lavington Naivas,  Junction  Mall among other key establishments. - High quality finishes - Spacious bright lounge - Separate dining room - Spacious closed plan kitchen with pantry - Laundry area - Domestic staff quarter - Solar hot water system - Ample parking - Enhanced security with Perimeter wall - 24hr company security - Gated community",Lavington,nan,"KSh 190,000/ month",5 Bedrooms,4 Bathrooms,https://www.buyrentkenya.com/listings/5-bedroom-townhouse-for-rent-lavington-3875595,"[['Alarm', 'Backup Generator', 'En Suite', 'Fibre Internet', 'Service Charge Included', 'Walk In Closet'], ['Balcony', 'CCTV', 'Electric Fence', 'Borehole', 'Garden', 'Parking', 'Staff Quarters', 'Wheelchair Access', 'Gated Community'], ['Bus Stop', 'Golf Course', 'Hospital', 'Scenic View', 'School', 'Shopping Centre']]",Allan  Lilande,+254 739 178394,https://www.buyrentkenya.com/estate-agent/fairhomes-kenya
Created At: 27 November 2025,4 Bed House with Garden in Hill View,"4-Bedroom Standalone House – Hill View, WestlandsDiscover this charming and spacious 4-bedroom standalone home nestled in the serene and secure neighbourhood of Hill View, Westlands. Perfect for family living, comfort, and privacy.Ground Floor Features:Elegant living room with a fireplace, seamlessly opening to the dining areaGuest bedroom on the ground floorCloakroom for visitorsSpacious kitchen with a pantry, ideal for storage and organizationFirst Floor Features:Cozy family room opening to a beautiful balcony with a relaxing, scenic viewThree ensuite bedrooms, including a large master bedroom with a bathtubExterior & Grounds:Sitting on half an acreSurrounded by tall, leafy green trees offering privacy and tranquilityWell-manicured garden, perfect for outdoor entertainment or quiet relaxationThis home blends comfort, nature, and convenience in one of Westlands’ most sought-after locations.","Hill View, Westlands",nan,"KSh 500,000/ month",4 Bedrooms,nan,https://www.buyrentkenya.com/listings/4-bedroom-house-for-rent-hill-view-3875579,"[['Service Charge Included', 'Backup Generator'], ['Balcony', 'Garden', 'Gated Community', 'Electric Fence', 'CCTV', 'Parking'], ['Bus Stop', 'Shopping Centre', 'Hospital', 'School']]",Alice Gitau,+254 720 777530,https://www.buyrentkenya.com/estate-agent/final-find-realtors
Created At: 27 November 2025,4 Bed Townhouse with En Suite at Amboseli Lane,"An elegant ultra modern spacious 4bedrooms  townhouse available for rent in the leafy secure suburb of Lavington close to Braeburn and Rusinga School, Riara Group of Schools, Lavington Mall among other key establishments. - High quality finishes - Spacious bright lounge - Separate dining room - Modern closed plan kitchen with pantry - Laundry area - Domestic staff quarter - Solar hot water system - Ample parking - Enhanced security with Perimeter wall - CCTV surveillance system - 24hr company security - Few units in the compound",Lavington,nan,"KSh 250,000/ month",4 Bedrooms,4 Bathrooms,https://www.buyrentkenya.com/listings/4-bedroom-townhouse-for-rent-lavington-3875593,"[['Alarm', 'Backup Generator', 'En Suite', 'Fibre Internet', 'Service Charge Included', 'Walk In Closet'], ['Balcony', 'CCTV', 'Electric Fence', 'Borehole', 'Garden', 'Parking', 'Staff Quarters', 'Wheelchair Access', 'Gated Community', 'Kids Play Area'], ['Bus Stop', 'Golf Course', 'Hospital', 'Scenic View', 'School', 'Shopping Centre']]",Allan  Lilande,+254 739 178394,https://www.buyrentkenya.com/estate-agent/fairhomes-kenya
Created At: 25 November 2025,5 Bed Villa with En Suite at South Road,"5BR HOUSE FOR RENT | KARENRent: KES 260,000/monthPRIME LOCATION:Near Langata South Road, Karen - in one of Nairobi's most prestigious and serene neighborhoods.SPACIOUS FAMILY LIVING:Ideal for families seeking comfort, privacy, and easy access to Karen's excellent schools, shopping centers, and recreational facilities.CONTACT US:📞0790 ****phone_0View Number📧gadsh****email_0Send email",Karen,nan,"KSh 260,000/ month",5 Bedrooms,4 Bathrooms,https://www.buyrentkenya.com/listings/5-bedroom-villa-for-rent-karen-3875064,"[['Aircon', 'Alarm', 'Backup Generator', 'En Suite', 'Fibre Internet', 'Service Charge Included', 'Walk In Closet'], ['Balcony', 'BBQ', 'CCTV', 'Electric Fence', 'Borehole', 'Garden', 'Parking', 'Gated Community', 'Staff Quarters', 'Wheelchair Access'], ['Bus Stop', 'Golf Course', 'Hospital', 'Scenic View', 'School', 'Shopping Centre']]",Esther Githumbi,+254 790 049148,https://www.buyrentkenya.com/estate-agent/esther-githumbi
Created At: 27 November 2025,3 Bed House at Garden Estate,"Discover refined living in this charming all-ensuite 3-bedroom house located in the peaceful and highly desirable Garden Estate, Nairobi. This beautifully designed home offers the perfect blend of comfort, privacy, and convenience in one of the city's most sought-after neighbourhoods.Enjoy standout features including:-Three spacious ensuite bedrooms offering comfort for the whole family-A dedicated laundry room for added convenience-Private parking and a private gate ensuring maximum privacy-Shared compound with only one other tenant, maintaining a quiet and exclusive environment-Enhanced security with panic buttons and controlled access-Solar backup, solar water heating, and borehole water supply for reliable, uninterrupted livingPerfectly positioned near top lifestyle and essential destinations—Windsor, Braeburn School, Kiambu Road, UN Avenue, Village Market, Two Rivers Mall, Garden City, and just minutes to the CBD, this home offers unmatched accessibility","Garden Estate, Roysambu",nan,"KSh 180,000/ month",3 Bedrooms,4 Bathrooms,https://www.buyrentkenya.com/listings/3-bedroom-house-for-rent-garden-estate-3875580,[[]],Mary Gichane,+254 743 823935,https://www.buyrentkenya.com/estate-agent/pam_golding_properties
Created At: 27 November 2025,5 Bed House with En Suite in Spring Valley,"Spring Valley Five-Bedroom House for Rent – 700,000 kesGeoscape presents  five-bedroom house in the serene and prestigious Spring Valley neighborhood. Perfect for families or diplomats seeking ample space, privacy, and modern comforts in a secure and peaceful environment.KEY FEATURES✅ Five spacious bedrooms✅ Modern fitted kitchen✅ Stylish contemporary bathrooms✅ Bright and airy living and dining areas✅ Large windows for excellent natural light✅ Private, well-maintained garden✅ Secure and peaceful compound✅ Ample parkingAMENITIES(no shared amenities)✅ Landscaped outdoor spaces✅ Secure compoundLOCATION – SPRING VALLEY✅ Convenient access to UN offices✅ Close to top schools and shopping centres✅ Easy access to Westlands and major roadsA grand and elegant home offering comfort, luxury, and tranquility in one of Nairobi’s most sought-after neighborhoods.📞 Please call Geoscape Global today to book a viewing!Geoscape Global📞0721 ****phone_0View Number📧info@****email_0Send email🌐 www.geoscapeglobal.co.ke#SpringValley #HouseForRent #LuxuryLiving #GeoscapeGlobal #NairobiHomes #FamilyHome #UNClose","Spring Valley, Westlands",nan,"KSh 700,000/ month",5 Bedrooms,5 Bathrooms,https://www.buyrentkenya.com/listings/5-bedroom-house-for-rent-spring-valley-3875562,"[['Alarm', 'Backup Generator', 'En Suite', 'Fibre Internet'], ['Balcony', 'BBQ', 'Parking', 'Staff Quarters', 'Borehole', 'Garden'], ['Bus Stop', 'Shopping Centre', 'Hospital', 'School']]",Geoscape  Limited,+254 721 668667,https://www.buyrentkenya.com/estate-agent/geoscape_global_limited
Created At: 26 November 2025,6 Bed House with En Suite at Convent Drive,"Discover unparalleled luxury in this Magnificent 5-bedroom townhouse, located within an exclusive gated community of just eight residences. Situated on a generous quarter-acre lot, each home offers privacy, tranquility, and modern living in one of Nairobi’s most sought-after neighborhood of Lavington.Property Highlights:Semi-Furnished: Includes curtains, sheers, a modern wall unit, light fixtures, mirrors, and a built-in bookshelf.Spacious Grounds: Ample room for children to play, guest parking, and a beautifully manicured garden featuring a charming gazebo.Luxurious Amenities: Steam room, sauna, Jacuzzi, and a large master suite with a private study, walk-in closet, and balcony.Outdoor Living: Enjoy a serene patio, perfect for entertaining or relaxation.Top-Tier Security: 24-hour security with an electric fence for complete peace of mind.Water and Power: Equipped with two 10,000-litre water tanks and an inverter for uninterrupted water and power supply.Key Features:Contemporary Elegance: Enjoy sleek finishes, a spacious garden, and interiors bathed in natural light with high ceilings and large windows.Prime Location: Conveniently located near premier shopping malls, international schools, and just minutes from the vibrant city center.Serene Environment: Nestled in Lavington, this peaceful enclave offers a tranquil retreat without sacrificing city access.Effortless Commute: Reach key destinations like Jomo Kenyatta International Airport and Nairobi National Park with ease.Interior Features:Spacious Living: A fully fitted kitchen with high and low-level cabinets, cooker, microwave, oven, and a walk-in pantry.Entertainment Ready: TV room with built-in, light-fitted bookshelf, plus DSTV dish and Zuku wiring already installed.En-suite Bedrooms: All five bedrooms come with private bathrooms and walk-in closets, offering ample space and privacy for the entire family.This townhouse offers the perfect blend of luxury, convenience, and security in a serene environment.",Lavington,nan,"KSh 400,000/ month",6 Bedrooms,5 Bathrooms,https://www.buyrentkenya.com/listings/6-bedroom-house-for-rent-lavington-3875392,"[['Walk In Closet', 'Fibre Internet', 'En Suite', 'Backup Generator', 'Alarm', 'Aircon'], ['Kids Play Area', 'Gated Community', 'Wheelchair Access', 'Staff Quarters', 'Parking', 'Gym', 'Garden', 'Borehole', 'Electric Fence', 'CCTV', 'BBQ', 'Balcony'], ['Shopping Centre', 'School', 'Hospital', 'Bus Stop']]",Mr. Hosea,+254 748 103325,https://www.buyrentkenya.com/estate-agent/nairobi-royal-homes
Created At: 27 November 2025,4 Bed Townhouse with En Suite at Runda,"Having 4 well sized bedrooms, all walk in closets and bathrooms gives each member of your family a self-sufficient private space of their own.Featuring-4 bedrooms all ensuites Villa-Generous lounge with a fireplace-Separate dining area-Guest cloak room-Spacious kitchen with pantry-External fully fitted kitchen-Dhobi area- staff quarters-Electric fencing-A car shed for 3 cars-Ample car parking-Adequate water storage-24 hrs. security","Runda, Westlands",nan,"KSh 400,000/ month",4 Bedrooms,4 Bathrooms,https://www.buyrentkenya.com/listings/4-bedroom-townhouse-for-rent-runda-3875559,"[['En Suite', 'Fibre Internet', 'Walk In Closet', 'Backup Generator', 'Alarm', 'Service Charge Included'], ['Staff Quarters', 'Parking', 'Garden', 'Gated Community']]",Wilfred Mwolyo,+254 721 643102,https://www.buyrentkenya.com/estate-agent/capstone-properties
Created At: 27 November 2025,6 Bed House with En Suite in Lavington,"Magnificent 6-Bedroom All-En-Suite Townhouse for rent – Lavington 🌿✨💰 Rent Price: KSh 450,000📍 Location: Prime Lavington – NairobiExperience unmatched luxury in this stunning 6-bedroom all-en-suite townhouse, set on expansive grounds with a beautifully landscaped big garden, a charming gazebo, and ample guest parking. Designed for elegance and comfort, this residence is perfect for families, diplomats, and executives.✨ Key Features:✅ 6 Spacious All-En-Suite Bedrooms with Walk-In Closets✅ Luxurious Master Suite with Jacuzzi✅ Sleek Interiors with High Ceilings & Natural Light✅ Dedicated Home Office – Perfect for Remote Work✅ Spacious Living & Dining Area Opening to the Garden✅ Fully Fitted Modern Kitchen with Premium Finishes✅ Private Big Garden – Ideal for Outdoor Living & Entertainment✅ In-House Gym for a Healthy Lifestyle✅ Open Terrace – Perfect for Relaxation or Social GatheringsThis is more than a house—it’s a statement of prestige and luxury living.📲 Call/WhatsApp:+254 ****phone_0View Numberto schedule a private viewing today!",Lavington,nan,"KSh 450,000/ month",6 Bedrooms,nan,https://www.buyrentkenya.com/listings/6-bedroom-house-for-rent-lavington-3875547,"[['Aircon', 'Alarm', 'Backup Generator', 'En Suite', 'Fibre Internet', 'Service Charge Included'], ['Balcony', 'BBQ', 'CCTV', 'Electric Fence', 'Borehole', 'Garden', 'Parking', 'Staff Quarters', 'Gated Community'], ['Bus Stop', 'Golf Course', 'Hospital', 'School', 'Shopping Centre']]",Charitie  Wanjiku,+254 712 149045,https://www.buyrentkenya.com/estate-agent/gemac-properties
Created At: 27 November 2025,1 Bed House with En Suite in Runda,"Runda One-Bedroom Furnished Cottage for Rent – 1,000 usdGeoscape presents a cosy and fully furnished one-bedroom cottage in the peaceful and secure neighbourhood of Runda. Perfect for professionals or diplomats seeking privacy, comfort, and a serene living environment.KEY FEATURES✅ Fully furnished✅ Spacious bedroom✅ Modern fitted kitchen✅ Stylish bathroom✅ Bright living area with natural light✅ Cozy and charming cottage ambience✅ Secure and peaceful compoundAMENITIES(no shared amenities)✅ Private, tranquil setting✅ Outdoor spaceLOCATION – RUNDA✅ Convenient access to UN offices✅ Close to top schools and shopping centres✅ Easy access to diplomatic zonesA charming and comfortable cottage — ideal for anyone seeking peaceful living in Runda.📞 Please call Geoscape Global today to book a viewing!Geoscape Global📞0721 ****phone_0View Number📧info@****email_0Send email🌐 www.geoscapeglobal.co.ke#Runda #FurnishedCottage #ForRent #GeoscapeGlobal #NairobiHomes #CottageLiving #UNClose #PeacefulLiving","Runda, Westlands",nan,"KSh 129,750/ month",1 Bedrooms,1 Bathrooms,https://www.buyrentkenya.com/listings/furnished-1-bedroom-house-for-rent-runda-3875541,"[['Alarm', 'Backup Generator', 'En Suite', 'Fibre Internet', 'Furnished'], ['BBQ', 'Parking', 'Staff Quarters', 'Borehole', 'Garden'], ['Bus Stop', 'Shopping Centre', 'Hospital', 'School']]",Geoscape  Limited,+254 721 668667,https://www.buyrentkenya.com/estate-agent/geoscape_global_limited
Created At: 27 November 2025,6 Bed Townhouse with En Suite in Lavington,"A Signature Luxury Residence by Nascent PropertiesWelcome to exceptional living in one of Lavington’s most coveted gated estates. This brand-new, architecturally crafted 6-bedroom all-ensuite townhouse delivers unmatched space, style, and sophistication across three luxurious levels — designed for families who desire elegance and everyday convenience in a secure, tranquil setting.✨ Property OverviewA flawless fusion of modern design, premium finishes, and smart spatial planning — set within an exclusive compound of 8 luxury townhouses. From the open-plan interiors to the private entertainment spaces, every detail reflects superior craftsmanship.🛋 Grand & Light-Filled Living SpacesA beautifully appointed living area flows effortlessly into the dining space, enhanced by:Floor-to-ceiling windows for abundant natural lightContemporary ceiling designs Direct access to a well-manicured private garden — perfect for hosting or unwinding🍽 Modern Open-Plan Gourmet KitchenA sleek, fully fitted kitchen featuring:High-end cabinetryQuality appliancesBreakfast areaSeamless connection to the outdoor gardenSpacious pantryStylish, functional, and perfect for both everyday cooking and entertaining.🛏 6 Elegantly Designed Ensuite BedroomsEach bedroom boasts:Custom wardrobesPremium tiling and finishesBright, airy ambianceThe master suite stands out with a walk-in closet, luxury bathroom, and a serene feel ideal for relaxation.🎬 Family Room on the First FloorA warm, versatile lounge space ideal for:Movie nightsFamily bondingA quiet reading retreat🖥 Home Office / Study RoomA private, quiet workspace designed to support remote work or study — a must-have for modern living.🏋️ Dedicated Gym Room with BalconyAn exclusive in-house fitness area that opens to a balcony, creating a refreshing workout environment.🎉 Oversized Entertainment Balcony with KitchenetteLocated on the upper floor, this expansive, elevated entertainment zone offers:A stylish kitchenetteLarge open terraceAmple space for gatherings, BBQs, or sunset relaxationA perfect setting for premium indoor-outdoor living.🔧 Additional Premium FeaturesSelf-contained DSQ for 1Ample parkingSecure gated communityExcellent water supplyModern finishes throughout📍 Prime Lavington AddressEnjoy proximity to:International schoolsMajor shopping mallsFine dining restaurantsPrestigious social amenitiesHealth & wellness centers💰 Rent: KES 450,000 per month(Inclusive of service charge)📞 Schedule a Private Tour TodayThis is a rare opportunity to secure a brand-new luxury townhouse at one of Lavington’s most desirable addresses.Contact Nascent Properties today and experience elevated modern living.",Lavington,nan,"KSh 450,000/ month",6 Bedrooms,6 Bathrooms,https://www.buyrentkenya.com/listings/6-bedroom-townhouse-for-rent-lavington-3875524,"[['Aircon', 'Alarm', 'Backup Generator', 'En Suite', 'Fibre Internet', 'Service Charge Included', 'Walk In Closet'], ['Balcony', 'BBQ', 'CCTV', 'Electric Fence', 'Garden', 'Borehole', 'Gym', 'Parking', 'Staff Quarters', 'Wheelchair Access', 'Gated Community', 'Kids Play Area'], ['Bus Stop', 'Hospital', 'Scenic View', 'Shopping Centre', 'School', 'Golf Course']]",Nascent Properties,+254 722 960363,https://www.buyrentkenya.com/estate-agent/nascent-properties
Created At: 27 November 2025,4 Bed House with En Suite in Runda,"Runda Four-Bedroom House for Rent – 5,000 usdGeoscape presents a beautifully designed four-bedroom house in the prestigious neighbourhood of Runda. This elegant home offers generous space, modern comforts, and a serene environment — perfect for families, diplomats, or professionals seeking refined living.KEY FEATURES✅ Four spacious bedrooms✅ Modern fitted kitchen✅ Stylish and contemporary bathrooms✅ Bright and airy living and dining areas✅ Large windows with excellent natural light✅ Private, well-maintained garden✅ Private swimming pool✅ Secure and peaceful compound✅ Ample parkingAMENITIES(no shared shared amenities)✅ Private compound✅ Landscaped outdoor spaces✅ Private swimming poolLOCATION – RUNDA✅ Close to the UN offices✅ Near top international schools✅ Easy access to major shopping centres✅ Convenient route to diplomatic zonesA refined and spacious home offering luxury, privacy, and upscale comfort in one of Nairobi’s most exclusive neighbourhoods.📞 Please call Geoscape Global today to book a viewing!Geoscape Global📞0721 ****phone_0View Number📧info@****email_0Send email🌐 www.geoscapeglobal.co.ke#Runda #LuxuryHome #PrivatePool #HouseForRent #GeoscapeGlobal #NairobiRealEstate #ElegantHomes","Runda, Westlands",nan,"KSh 648,750/ month",4 Bedrooms,4 Bathrooms,https://www.buyrentkenya.com/listings/4-bedroom-house-for-rent-runda-3875525,"[['Alarm', 'Backup Generator', 'En Suite', 'Fibre Internet'], ['Balcony', 'BBQ', 'Parking', 'Staff Quarters', 'Borehole', 'Garden', 'Swimming Pool'], ['Bus Stop', 'Shopping Centre', 'Hospital', 'School']]",Geoscape  Limited,+254 721 668667,https://www.buyrentkenya.com/estate-agent/geoscape_global_limited
Created At: 27 November 2025,3 Bed House with En Suite at Hardy Area,"3-Bedroom All-En-Suite Home for Rent in Karen, HardyThis is a modern and spacious 3-bedroom all-en-suite home located in the peaceful and highly sought-after Hardy area of Karen. The property offers privacy, natural light, and high-quality finishes throughout, making it ideal for family living.Property Features3 bedrooms, all en-suiteModern fitted kitchenOpen-plan living and dining areaSeparate loungeHome office/study roomMaster bedroom with walk-in closetSolar water heating systemDSQ for 2Well-maintained half-acre gardenLocated within a secure gated communityLocationHardy, Karen – close to top schools, shopping malls, hospitals, and social amenities. The area is known for its quiet environment, mature trees, and excellent security.Call/WhatsApp:0722 ****phone_0View Number",Karen,nan,"KSh 200,000/ month",3 Bedrooms,4 Bathrooms,https://www.buyrentkenya.com/listings/3-bedroom-house-for-rent-karen-3875519,"[['En Suite', 'Walk In Closet'], ['Balcony', 'Borehole', 'Garden', 'Parking', 'Kids Play Area', 'Gated Community'], ['Bus Stop', 'Hospital', 'School', 'Shopping Centre']]",mapema properties,+254 722 854439,https://www.buyrentkenya.com/estate-agent/mapema-properties-limited
Created At: 18 November 2025,4 Bed Townhouse with En Suite in Runda,"Runda – Four-Bedroom House in a Gated Compound for Rent | 400kGemac Properties presents this beautiful four-bedroom home located in a secure gated compound in the prestigious Runda area. Designed for comfortable family living, this property offers modern finishes, generous spaces, and a serene environment.PROPERTY FEATURES✅ Four spacious bedrooms✅ Modern fitted kitchen✅ Bright, airy living and dining areas✅ Family/TV room✅ Private garden✅ DSQ (Domestic Staff Quarters)✅ Ample parking✅ Secure, well-managed gated communityLOCATION✅ Located in the serene and highly secure Runda neighborhood✅ Easy access to Gigiri, UN offices, major malls, and top schools✅ Convenient access to major roads and essential amenitiesRENTKES 400,000 per month","Runda, Westlands",nan,"KSh 400,000/ month",4 Bedrooms,5 Bathrooms,https://www.buyrentkenya.com/listings/4-bedroom-townhouse-for-rent-runda-3873015,"[['En Suite', 'Fibre Internet', 'Service Charge Included', 'Walk In Closet'], ['Balcony', 'CCTV', 'Electric Fence', 'Borehole', 'Garden', 'Staff Quarters', 'Parking', 'Kids Play Area'], ['Bus Stop', 'Shopping Centre', 'Golf Course', 'Hospital', 'Scenic View', 'School']]",Charitie  Wanjiku,+254 712 149045,https://www.buyrentkenya.com/estate-agent/gemac-properties
Created At: 27 November 2025,3 Bed House with En Suite in Ridgeways,"Ridgeways Three-Bedroom Cottage for Rent – 3,200 usdGeoscape presents a charming and private three-bedroom cottage in the peaceful, leafy neighbourhood of Ridgeways. This warm and inviting home offers comfort, space, and a serene atmosphere — perfect for those seeking a quiet, well-connected residence.KEY FEATURES✅ Three spacious bedrooms✅ Modern fitted kitchen✅ Stylish, well-finished bathrooms✅ Bright living and dining areas✅ Large windows for great natural light✅ Cozy cottage ambiance✅ Secure and quiet environment✅ Ample parkingAMENITIES(no shared amenities)✅ Private compound✅ Beautiful outdoor spacesLOCATION – RIDGEWAYS✅ Close to shopping centres and social amenities✅ Convenient access to UN and diplomatic zones✅ Easy access to major roadsA peaceful and comfortable home ideal for anyone seeking a tranquil lifestyle in Ridgeways.📞 Please call Geoscape Global today to book a viewing!Geoscape Global📞0721 ****phone_0View Number📧info@****email_0Send email🌐 www.geoscapeglobal.co.ke#Ridgeways #CottageForRent #GeoscapeGlobal #NairobiHomes #CharmingCottage #RealEstateKenya",Ridgeways,nan,"KSh 415,200/ month",3 Bedrooms,3 Bathrooms,https://www.buyrentkenya.com/listings/3-bedroom-house-for-rent-ridgeways-3875514,"[['Alarm', 'Backup Generator', 'En Suite', 'Fibre Internet'], ['BBQ', 'Parking', 'Staff Quarters', 'Garden', 'Borehole'], ['Shopping Centre', 'Bus Stop', 'Hospital', 'School']]",Geoscape  Limited,+254 721 668667,https://www.buyrentkenya.com/estate-agent/geoscape_global_limited
Created At: 20 November 2025,5 Bed House with En Suite in Runda,"Experience premium family living in this elegant 5-bedroom home in the prestigious Runda neighborhood. Designed for comfort, convenience, and style, this property offers everything a modern family needs.Property Features:- Bedrooms: 5 spacious bedrooms, all ensuite, privacy and comfort for every family member- Bathrooms: Modern fittings, ample hot water, clean and stylish finishes- Living Areas: Large family room perfect for gatherings and relaxation- Office/Study: Dedicated workspace ideal for remote work or study- Kitchen: Fully fitted, ample storage, sleek countertops, and modern appliances- Parking: Secure parking for 2 cars within the compound- Outdoor Spaces: Well-maintained gardens and space for outdoor leisure- Security: Located in a secure, gated neighborhood with 24/7 securityLocation Benefits:1. Prime Runda location – serene, safe, and easily accessible2. Close to top schools, shopping centers, and amenities3. Ideal for families looking for comfort, convenience, and luxury💰 Rent: KES 550,000/monthThis home perfectly combines style, functionality, and privacy, making it an excellent choice for families who value both elegance and practicality.","Runda, Westlands",nan,"KSh 550,000/ month",5 Bedrooms,5 Bathrooms,https://www.buyrentkenya.com/listings/5-bedroom-house-for-rent-runda-3873889,"[['Alarm', 'Backup Generator', 'En Suite', 'Fibre Internet', 'Service Charge Included', 'Walk In Closet'], ['Balcony', 'BBQ', 'CCTV', 'Electric Fence', 'Borehole', 'Garden', 'Parking', 'Staff Quarters', 'Wheelchair Access', 'Kids Play Area'], ['Bus Stop', 'Golf Course', 'Hospital', 'Scenic View', 'School', 'Shopping Centre']]",Charitie  Wanjiku,+254 712 149045,https://www.buyrentkenya.com/estate-agent/gemac-properties
Created At: 15 November 2025,5 Bed House with En Suite in Runda,"5-Bedroom All-En-Suite Ambassadorial House for Rent – Runda | USD 10,000/MonthExperience exceptional luxury in this grand 5-bedroom all-en-suite ambassadorial residence located in the prestigious and serene neighborhood of Runda. This elegant home is designed for high-end living, offering expansive spaces, top-level privacy, and refined comfort.Property Features:— 5 spacious bedrooms, all en-suite— Dedicated home office— Family/TV room— 2-bedroom self-contained SQ— Expansive, well-manicured private garden— Private swimming pool— Bright living and dining areas— Modern, well-appointed kitchen— Ample parking— Located in a highly secure, diplomatic-approved zonePerfect for embassies, expatriates, and families seeking a premium lifestyle in one of Nairobi’s most exclusive neighborhoods.📞 Call/WhatsApp:+254 ****phone_0View NumberBook a private viewing today.","Runda, Westlands",nan,"KSh 1,300,000/ month",5 Bedrooms,6 Bathrooms,https://www.buyrentkenya.com/listings/5-bedroom-house-for-rent-runda-3872095,"[['Aircon', 'Alarm', 'Backup Generator', 'En Suite', 'Fibre Internet', 'Service Charge Included', 'Walk In Closet'], ['Balcony', 'BBQ', 'CCTV', 'Electric Fence', 'Borehole', 'Garden', 'Parking', 'Staff Quarters', 'Swimming Pool'], ['Bus Stop', 'Golf Course', 'Hospital', 'Scenic View', 'School', 'Shopping Centre']]",Charitie  Wanjiku,+254 712 149045,https://www.buyrentkenya.com/estate-agent/gemac-properties
